event_row_id,sample_id,trajectory_id,event_index,band,remaining_K_before,remaining_K_after,exit_distance,transition_k,R_drop,residue_pair_mod32,residue_pair_mod16,position_label,near_behavior,k_move_from_previous,wait_length,waiting_class,trajectory_behavior_class,next_destination,max_avoidance_depth,eventual_capture_bands,final_statuses
15783,Sample_A_baseline,2289,1,64-127,68,63,4,5,5,4->31,4->15,lower_hall,miss,up,1,direct_exit,no_exit_layer_observed,exit_to_32-63,2,4-7:2; 32-63:1; NA:1,eventually_reentered_exit_layer:caught:2; eventually_reentered_exit_layer:avoid_then_caught:1; no_avoidance_observed:1
18939,Sample_A_baseline,4578,2,64-127,68,63,4,5,5,4->31,4->15,lower_hall,miss,up,2,direct_exit,no_exit_layer_observed,exit_to_32-63,2,4-7:2; 32-63:1; NA:1,eventually_reentered_exit_layer:caught:2; eventually_reentered_exit_layer:avoid_then_caught:1; no_avoidance_observed:1
18941,Sample_A_baseline,4579,1,64-127,70,63,6,7,7,6->31,6->15,lower_hall,miss,up,1,direct_exit,no_exit_layer_observed,exit_to_32-63,2,4-7:2; 32-63:2,eventually_reentered_exit_layer:caught:2; eventually_reentered_exit_layer:avoid_then_caught:2
19367,Sample_B_next_range_550,4636,4,32-63,35,31,3,4,4,3->31,3->15,lower_hall,miss,up,4,short_wait,no_exit_layer_observed,exit_to_16-31,3,4-7:2; 8-15:1; NA:1,eventually_reentered_exit_layer:avoid_then_caught:3; no_avoidance_observed:1
19371,Sample_B_next_range_550,4637,3,32-63,35,31,3,4,4,3->31,3->15,lower_hall,miss,up,3,short_wait,no_exit_layer_observed,exit_to_16-31,3,4-7:2; 8-15:1; NA:1,eventually_reentered_exit_layer:avoid_then_caught:3; no_avoidance_observed:1
19376,Sample_B_next_range_550,4638,4,32-63,37,31,5,6,6,5->31,5->15,lower_hall,miss,up,4,short_wait,no_exit_layer_observed,exit_to_16-31,3,4-7:2; 8-15:1; 16-31:1,eventually_reentered_exit_layer:avoid_then_caught:4
19492,Sample_B_next_range_550,4647,4,32-63,36,31,4,5,5,4->31,4->15,lower_hall,miss,up,4,short_wait,no_exit_layer_observed,exit_to_16-31,3,4-7:2; 8-15:1; NA:1,eventually_reentered_exit_layer:avoid_then_caught:3; no_avoidance_observed:1
19905,Sample_B_next_range_550,4674,4,32-63,35,30,3,5,5,3->30,3->14,lower_hall,miss,up,4,short_wait,no_exit_layer_observed,exit_to_16-31,3,4-7:2; 16-31:1; NA:1,eventually_reentered_exit_layer:avoid_then_caught:3; no_avoidance_observed:1
19909,Sample_B_next_range_550,4675,3,32-63,35,30,3,5,5,3->30,3->14,lower_hall,miss,up,3,short_wait,no_exit_layer_observed,exit_to_16-31,3,4-7:2; 16-31:1; NA:1,eventually_reentered_exit_layer:avoid_then_caught:3; no_avoidance_observed:1
20336,Sample_B_next_range_550,4705,4,32-63,35,31,3,4,4,3->31,3->15,lower_hall,miss,up,4,short_wait,no_exit_layer_observed,exit_to_16-31,3,4-7:2; 16-31:1; NA:1,eventually_reentered_exit_layer:avoid_then_caught:3; no_avoidance_observed:1
20525,Sample_B_next_range_550,4726,4,32-63,36,30,4,6,6,4->30,4->14,lower_hall,miss,up,4,short_wait,no_exit_layer_observed,exit_to_16-31,3,4-7:2; 16-31:1; NA:1,eventually_reentered_exit_layer:avoid_then_caught:3; no_avoidance_observed:1
20529,Sample_B_next_range_550,4727,3,32-63,36,30,4,6,6,4->30,4->14,lower_hall,miss,up,3,short_wait,no_exit_layer_observed,exit_to_16-31,3,4-7:2; 16-31:1; NA:1,eventually_reentered_exit_layer:avoid_then_caught:3; no_avoidance_observed:1
20552,Sample_B_next_range_550,4731,4,32-63,35,31,3,4,4,3->31,3->15,lower_hall,miss,up,4,short_wait,no_exit_layer_observed,exit_to_16-31,3,4-7:2; 16-31:1; NA:1,eventually_reentered_exit_layer:avoid_then_caught:3; no_avoidance_observed:1
21592,Sample_B_next_range_550,4808,3,32-63,35,31,3,4,4,3->31,3->15,lower_hall,miss,up,3,short_wait,no_exit_layer_observed,exit_to_16-31,1,16-31:2; 4-7:1; NA:1,eventually_reentered_exit_layer:avoid_then_caught:3; no_avoidance_observed:1
21597,Sample_B_next_range_550,4810,3,32-63,35,31,3,4,4,3->31,3->15,lower_hall,miss,up,3,short_wait,no_exit_layer_observed,exit_to_16-31,1,16-31:2; 4-7:1; NA:1,eventually_reentered_exit_layer:avoid_then_caught:3; no_avoidance_observed:1
21603,Sample_B_next_range_550,4812,3,32-63,35,31,3,4,4,3->31,3->15,lower_hall,miss,up,3,short_wait,no_exit_layer_observed,exit_to_16-31,1,16-31:2; 4-7:1; NA:1,eventually_reentered_exit_layer:avoid_then_caught:3; no_avoidance_observed:1
21606,Sample_B_next_range_550,4813,2,32-63,35,31,3,4,4,3->31,3->15,lower_hall,miss,up,2,direct_exit,no_exit_layer_observed,exit_to_16-31,1,16-31:2; 4-7:1; NA:1,eventually_reentered_exit_layer:avoid_then_caught:3; no_avoidance_observed:1
21617,Sample_B_next_range_550,4814,10,32-63,36,31,4,5,5,4->31,4->15,lower_hall,miss,up,10,short_wait,no_exit_layer_observed,exit_to_16-31,3,16-31:2; 4-7:1; NA:1,eventually_reentered_exit_layer:avoid_then_caught:3; no_avoidance_observed:1
21627,Sample_B_next_range_550,4815,9,32-63,36,31,4,5,5,4->31,4->15,lower_hall,miss,up,9,short_wait,no_exit_layer_observed,exit_to_16-31,3,16-31:2; 4-7:1; NA:1,eventually_reentered_exit_layer:avoid_then_caught:3; no_avoidance_observed:1
21783,Sample_B_next_range_550,4827,21,32-63,36,31,4,5,5,4->31,4->15,lower_hall,miss,up,17,long_wait,no_exit_layer_observed,exit_to_16-31,3,4-7:2; 8-15:1; NA:1,eventually_reentered_exit_layer:avoid_then_caught:3; no_avoidance_observed:1
22497,Sample_B_next_range_550,4882,9,32-63,35,31,3,4,4,3->31,3->15,lower_hall,miss,up,9,short_wait,no_exit_layer_observed,exit_to_16-31,3,4-7:2; 8-15:1; NA:1,eventually_reentered_exit_layer:avoid_then_caught:3; no_avoidance_observed:1
22506,Sample_B_next_range_550,4883,8,32-63,35,31,3,4,4,3->31,3->15,lower_hall,miss,up,8,short_wait,no_exit_layer_observed,exit_to_16-31,3,4-7:2; 8-15:1; NA:1,eventually_reentered_exit_layer:avoid_then_caught:3; no_avoidance_observed:1
22612,Sample_B_next_range_550,4895,9,32-63,36,31,4,5,5,4->31,4->15,lower_hall,miss,up,9,short_wait,no_exit_layer_observed,exit_to_16-31,3,4-7:2; 8-15:1; NA:1,eventually_reentered_exit_layer:avoid_then_caught:3; no_avoidance_observed:1
24829,Sample_B_next_range_550,5065,7,32-63,35,31,3,4,4,3->31,3->15,lower_hall,miss,up,7,short_wait,no_exit_layer_observed,exit_to_16-31,1,16-31:2; 4-7:1; NA:1,eventually_reentered_exit_layer:avoid_then_caught:3; no_avoidance_observed:1
24845,Sample_B_next_range_550,5070,15,32-63,36,31,4,5,5,4->31,4->15,lower_hall,miss,up,15,long_wait,no_exit_layer_observed,exit_to_16-31,3,16-31:2; 4-7:1; NA:1,eventually_reentered_exit_layer:avoid_then_caught:3; no_avoidance_observed:1
24860,Sample_B_next_range_550,5071,14,32-63,36,31,4,5,5,4->31,4->15,lower_hall,miss,up,14,long_wait,no_exit_layer_observed,exit_to_16-31,3,16-31:2; 4-7:1; NA:1,eventually_reentered_exit_layer:avoid_then_caught:3; no_avoidance_observed:1
25359,Sample_B_next_range_550,5118,26,32-63,35,30,3,5,5,3->30,3->14,lower_hall,miss,up,14,long_wait,no_exit_layer_observed,exit_to_16-31,3,4-7:2; 16-31:1; NA:1,eventually_reentered_exit_layer:avoid_then_caught:3; no_avoidance_observed:1
25374,Sample_B_next_range_550,5119,25,32-63,35,30,3,5,5,3->30,3->14,lower_hall,miss,up,14,long_wait,no_exit_layer_observed,exit_to_16-31,3,4-7:2; 16-31:1; NA:1,eventually_reentered_exit_layer:avoid_then_caught:3; no_avoidance_observed:1
25490,Sample_B_next_range_550,5132,2,32-63,35,31,3,4,4,3->31,3->15,lower_hall,miss,up,2,direct_exit,no_exit_layer_observed,exit_to_16-31,3,4-7:2; 16-31:1; NA:1,eventually_reentered_exit_layer:avoid_then_caught:3; no_avoidance_observed:1
25492,Sample_B_next_range_550,5133,1,32-63,35,31,3,4,4,3->31,3->15,lower_hall,miss,up,1,direct_exit,no_exit_layer_observed,exit_to_16-31,3,4-7:2; 16-31:1; NA:1,eventually_reentered_exit_layer:avoid_then_caught:3; no_avoidance_observed:1
25557,Sample_B_next_range_550,5143,2,32-63,36,31,4,5,5,4->31,4->15,lower_hall,miss,up,2,direct_exit,no_exit_layer_observed,exit_to_16-31,3,16-31:2; 4-7:1; NA:1,eventually_reentered_exit_layer:avoid_then_caught:3; no_avoidance_observed:1
26729,Sample_B_next_range_550,4771,1,64-127,67,62,3,5,5,3->30,3->14,lower_hall,miss,up,1,direct_exit,no_exit_layer_observed,exit_to_32-63,2,4-7:2; 32-63:1; NA:1,eventually_reentered_exit_layer:avoid_then_caught:3; no_avoidance_observed:1
29109,Sample_B_next_range_550,5152,0,64-127,68,63,4,5,5,4->31,4->15,lower_hall,miss,start,0,direct_exit,no_exit_layer_observed,exit_to_32-63,2,4-7:2; 32-63:1; NA:1,eventually_reentered_exit_layer:caught:2; eventually_reentered_exit_layer:avoid_then_caught:1; no_avoidance_observed:1
29208,Sample_B_next_range_550,5162,1,64-127,67,61,3,6,6,3->29,3->13,lower_hall,miss,up,1,direct_exit,no_exit_layer_observed,exit_to_32-63,2,4-7:2; 32-63:1; NA:1,eventually_reentered_exit_layer:caught:2; eventually_reentered_exit_layer:avoid_then_caught:1; no_avoidance_observed:1
29507,Sample_C_higher_range_550,50017,14,32-63,36,31,4,5,5,4->31,4->15,lower_hall,miss,up,14,long_wait,no_exit_layer_observed,exit_to_16-31,1,16-31:3; NA:1,eventually_reentered_exit_layer:avoid_then_caught:3; no_avoidance_observed:1
29632,Sample_C_higher_range_550,50023,14,32-63,40,31,8,9,9,8->31,8->15,lower_hall,miss,up,14,long_wait,no_exit_layer_observed,exit_to_16-31,1,16-31:4,eventually_reentered_exit_layer:avoid_then_caught:4
29704,Sample_C_higher_range_550,50027,4,32-63,40,31,8,9,9,8->31,8->15,lower_hall,miss,up,4,short_wait,no_exit_layer_observed,exit_to_16-31,3,4-7:2; 16-31:2,eventually_reentered_exit_layer:avoid_then_caught:4
30091,Sample_C_higher_range_550,50046,16,32-63,36,31,4,5,5,4->31,4->15,lower_hall,miss,up,16,long_wait,no_exit_layer_observed,exit_to_16-31,1,16-31:3; NA:1,eventually_reentered_exit_layer:avoid_then_caught:3; no_avoidance_observed:1
30107,Sample_C_higher_range_550,50047,15,32-63,36,31,4,5,5,4->31,4->15,lower_hall,miss,up,15,long_wait,no_exit_layer_observed,exit_to_16-31,1,16-31:3; NA:1,eventually_reentered_exit_layer:avoid_then_caught:3; no_avoidance_observed:1
30450,Sample_C_higher_range_550,50065,5,32-63,35,30,3,5,5,3->30,3->14,lower_hall,miss,up,5,short_wait,no_exit_layer_observed,exit_to_16-31,3,4-7:2; 16-31:1; NA:1,eventually_reentered_exit_layer:avoid_then_caught:3; no_avoidance_observed:1
30457,Sample_C_higher_range_550,50066,6,32-63,35,30,3,5,5,3->30,3->14,lower_hall,miss,up,6,short_wait,no_exit_layer_observed,exit_to_16-31,3,4-7:2; 16-31:1; NA:1,eventually_reentered_exit_layer:avoid_then_caught:3; no_avoidance_observed:1
30463,Sample_C_higher_range_550,50067,5,32-63,35,30,3,5,5,3->30,3->14,lower_hall,miss,up,5,short_wait,no_exit_layer_observed,exit_to_16-31,3,4-7:2; 16-31:1; NA:1,eventually_reentered_exit_layer:avoid_then_caught:3; no_avoidance_observed:1
30730,Sample_C_higher_range_550,50087,6,32-63,37,31,5,6,6,5->31,5->15,lower_hall,miss,up,6,short_wait,no_exit_layer_observed,exit_to_16-31,3,16-31:3; 4-7:1,eventually_reentered_exit_layer:avoid_then_caught:4
32284,Sample_C_higher_range_550,50184,6,32-63,35,31,3,4,4,3->31,3->15,lower_hall,miss,up,6,short_wait,no_exit_layer_observed,exit_to_16-31,3,4-7:2; 16-31:1; NA:1,eventually_reentered_exit_layer:avoid_then_caught:3; no_avoidance_observed:1
32313,Sample_C_higher_range_550,50186,6,32-63,35,31,3,4,4,3->31,3->15,lower_hall,miss,up,6,short_wait,no_exit_layer_observed,exit_to_16-31,3,4-7:2; 16-31:1; NA:1,eventually_reentered_exit_layer:avoid_then_caught:3; no_avoidance_observed:1
32326,Sample_C_higher_range_550,50188,6,32-63,35,31,3,4,4,3->31,3->15,lower_hall,miss,up,6,short_wait,no_exit_layer_observed,exit_to_16-31,3,4-7:2; 16-31:1; NA:1,eventually_reentered_exit_layer:avoid_then_caught:3; no_avoidance_observed:1
32332,Sample_C_higher_range_550,50189,5,32-63,35,31,3,4,4,3->31,3->15,lower_hall,miss,up,5,short_wait,no_exit_layer_observed,exit_to_16-31,3,4-7:2; 16-31:1; NA:1,eventually_reentered_exit_layer:avoid_then_caught:3; no_avoidance_observed:1
32382,Sample_C_higher_range_550,50193,5,32-63,35,31,3,4,4,3->31,3->15,lower_hall,miss,up,5,short_wait,no_exit_layer_observed,exit_to_16-31,3,4-7:2; 16-31:1; NA:1,eventually_reentered_exit_layer:avoid_then_caught:3; no_avoidance_observed:1
32402,Sample_C_higher_range_550,50198,6,32-63,35,31,3,4,4,3->31,3->15,lower_hall,miss,up,6,short_wait,no_exit_layer_observed,exit_to_16-31,3,4-7:2; 16-31:1; NA:1,eventually_reentered_exit_layer:avoid_then_caught:3; no_avoidance_observed:1
32408,Sample_C_higher_range_550,50199,5,32-63,35,31,3,4,4,3->31,3->15,lower_hall,miss,up,5,short_wait,no_exit_layer_observed,exit_to_16-31,3,4-7:2; 16-31:1; NA:1,eventually_reentered_exit_layer:avoid_then_caught:3; no_avoidance_observed:1
32821,Sample_C_higher_range_550,50235,6,32-63,36,31,4,5,5,4->31,4->15,lower_hall,miss,up,6,short_wait,no_exit_layer_observed,exit_to_16-31,3,4-7:2; 8-15:2,eventually_reentered_exit_layer:avoid_then_caught:3; eventually_reentered_exit_layer:caught:1
32990,Sample_C_higher_range_550,50247,28,32-63,36,31,4,5,5,4->31,4->15,lower_hall,miss,up,14,long_wait,no_exit_layer_observed,exit_to_16-31,1,16-31:3; NA:1,eventually_reentered_exit_layer:avoid_then_caught:3; no_avoidance_observed:1
33644,Sample_C_higher_range_550,50287,7,32-63,37,31,5,6,6,5->31,5->15,lower_hall,miss,up,7,short_wait,no_exit_layer_observed,exit_to_16-31,3,4-7:2; 16-31:2,eventually_reentered_exit_layer:avoid_then_caught:4
34783,Sample_C_higher_range_550,50367,7,32-63,36,31,4,5,5,4->31,4->15,lower_hall,miss,up,7,short_wait,no_exit_layer_observed,exit_to_16-31,1,16-31:3; NA:1,eventually_reentered_exit_layer:avoid_then_caught:3; no_avoidance_observed:1
35048,Sample_C_higher_range_550,50392,7,32-63,35,29,3,6,6,3->29,3->13,lower_hall,miss,up,7,short_wait,no_exit_layer_observed,exit_to_16-31,1,16-31:2; 4-7:1; NA:1,eventually_reentered_exit_layer:avoid_then_caught:3; no_avoidance_observed:1
35063,Sample_C_higher_range_550,50394,7,32-63,35,29,3,6,6,3->29,3->13,lower_hall,miss,up,7,short_wait,no_exit_layer_observed,exit_to_16-31,1,16-31:2; 4-7:1; NA:1,eventually_reentered_exit_layer:avoid_then_caught:3; no_avoidance_observed:1
35081,Sample_C_higher_range_550,50396,7,32-63,35,29,3,6,6,3->29,3->13,lower_hall,miss,up,7,short_wait,no_exit_layer_observed,exit_to_16-31,1,16-31:2; 4-7:1; NA:1,eventually_reentered_exit_layer:avoid_then_caught:3; no_avoidance_observed:1
35088,Sample_C_higher_range_550,50397,6,32-63,35,29,3,6,6,3->29,3->13,lower_hall,miss,up,6,short_wait,no_exit_layer_observed,exit_to_16-31,1,16-31:2; 4-7:1; NA:1,eventually_reentered_exit_layer:avoid_then_caught:3; no_avoidance_observed:1
35117,Sample_C_higher_range_550,50400,5,32-63,36,30,4,6,6,4->30,4->14,lower_hall,miss,up,5,short_wait,no_exit_layer_observed,exit_to_16-31,3,4-7:2; 16-31:1; NA:1,eventually_reentered_exit_layer:avoid_then_caught:3; no_avoidance_observed:1
35228,Sample_C_higher_range_550,50408,5,32-63,36,30,4,6,6,4->30,4->14,lower_hall,miss,up,5,short_wait,no_exit_layer_observed,exit_to_16-31,3,4-7:2; 16-31:1; NA:1,eventually_reentered_exit_layer:avoid_then_caught:3; no_avoidance_observed:1
35241,Sample_C_higher_range_550,50410,5,32-63,36,30,4,6,6,4->30,4->14,lower_hall,miss,up,5,short_wait,no_exit_layer_observed,exit_to_16-31,3,4-7:2; 16-31:1; NA:1,eventually_reentered_exit_layer:avoid_then_caught:3; no_avoidance_observed:1
35307,Sample_C_higher_range_550,50416,5,32-63,36,30,4,6,6,4->30,4->14,lower_hall,miss,up,5,short_wait,no_exit_layer_observed,exit_to_16-31,3,4-7:2; 16-31:1; NA:1,eventually_reentered_exit_layer:avoid_then_caught:3; no_avoidance_observed:1
35312,Sample_C_higher_range_550,50417,4,32-63,36,30,4,6,6,4->30,4->14,lower_hall,miss,up,4,short_wait,no_exit_layer_observed,exit_to_16-31,3,4-7:2; 16-31:1; NA:1,eventually_reentered_exit_layer:avoid_then_caught:3; no_avoidance_observed:1
35335,Sample_C_higher_range_550,50420,5,32-63,36,30,4,6,6,4->30,4->14,lower_hall,miss,up,5,short_wait,no_exit_layer_observed,exit_to_16-31,3,4-7:2; 16-31:1; NA:1,eventually_reentered_exit_layer:avoid_then_caught:3; no_avoidance_observed:1
35340,Sample_C_higher_range_550,50421,4,32-63,36,30,4,6,6,4->30,4->14,lower_hall,miss,up,4,short_wait,no_exit_layer_observed,exit_to_16-31,3,4-7:2; 16-31:1; NA:1,eventually_reentered_exit_layer:avoid_then_caught:3; no_avoidance_observed:1
35836,Sample_C_higher_range_550,50466,6,32-63,35,31,3,4,4,3->31,3->15,lower_hall,miss,up,6,short_wait,no_exit_layer_observed,exit_to_16-31,3,4-7:2; 16-31:1; NA:1,eventually_reentered_exit_layer:avoid_then_caught:3; no_avoidance_observed:1
35842,Sample_C_higher_range_550,50467,5,32-63,35,31,3,4,4,3->31,3->15,lower_hall,miss,up,5,short_wait,no_exit_layer_observed,exit_to_16-31,3,4-7:2; 16-31:1; NA:1,eventually_reentered_exit_layer:avoid_then_caught:3; no_avoidance_observed:1
35849,Sample_C_higher_range_550,50468,6,32-63,35,31,3,4,4,3->31,3->15,lower_hall,miss,up,6,short_wait,no_exit_layer_observed,exit_to_16-31,3,4-7:2; 16-31:1; NA:1,eventually_reentered_exit_layer:avoid_then_caught:3; no_avoidance_observed:1
35855,Sample_C_higher_range_550,50469,5,32-63,35,31,3,4,4,3->31,3->15,lower_hall,miss,up,5,short_wait,no_exit_layer_observed,exit_to_16-31,3,4-7:2; 16-31:1; NA:1,eventually_reentered_exit_layer:avoid_then_caught:3; no_avoidance_observed:1
35862,Sample_C_higher_range_550,50470,6,32-63,35,31,3,4,4,3->31,3->15,lower_hall,miss,up,6,short_wait,no_exit_layer_observed,exit_to_16-31,3,4-7:2; 16-31:1; NA:1,eventually_reentered_exit_layer:avoid_then_caught:3; no_avoidance_observed:1
35945,Sample_C_higher_range_550,50475,5,32-63,37,31,5,6,6,5->31,5->15,lower_hall,miss,up,5,short_wait,no_exit_layer_observed,exit_to_16-31,3,4-7:2; 16-31:2,eventually_reentered_exit_layer:avoid_then_caught:4
36525,Sample_C_higher_range_550,50518,6,32-63,36,29,4,7,7,4->29,4->13,lower_hall,miss,up,6,short_wait,no_exit_layer_observed,exit_to_16-31,3,4-7:2; 16-31:1; NA:1,eventually_reentered_exit_layer:avoid_then_caught:3; no_avoidance_observed:1
36531,Sample_C_higher_range_550,50519,5,32-63,36,29,4,7,7,4->29,4->13,lower_hall,miss,up,5,short_wait,no_exit_layer_observed,exit_to_16-31,3,4-7:2; 16-31:1; NA:1,eventually_reentered_exit_layer:avoid_then_caught:3; no_avoidance_observed:1
37311,Sample_C_higher_range_550,50031,6,64-127,67,63,3,4,4,3->31,3->15,lower_hall,miss,up,6,short_wait,no_exit_layer_observed,exit_to_32-63,2,4-7:2; 32-63:1; NA:1,eventually_reentered_exit_layer:caught:2; eventually_reentered_exit_layer:avoid_then_caught:1; no_avoidance_observed:1
37786,Sample_C_higher_range_550,50095,4,64-127,71,62,7,9,9,7->30,7->14,lower_hall,miss,up,4,short_wait,no_exit_layer_observed,exit_to_32-63,2,4-7:2; 32-63:2,eventually_reentered_exit_layer:caught:2; eventually_reentered_exit_layer:avoid_then_caught:2
37980,Sample_C_higher_range_550,50114,6,64-127,68,61,4,7,7,4->29,4->13,lower_hall,miss,up,6,short_wait,no_exit_layer_observed,exit_to_32-63,2,4-7:2; 32-63:1; NA:1,eventually_reentered_exit_layer:caught:2; eventually_reentered_exit_layer:avoid_then_caught:1; no_avoidance_observed:1
37986,Sample_C_higher_range_550,50115,5,64-127,68,61,4,7,7,4->29,4->13,lower_hall,miss,up,5,short_wait,no_exit_layer_observed,exit_to_32-63,2,4-7:2; 32-63:1; NA:1,eventually_reentered_exit_layer:caught:2; eventually_reentered_exit_layer:avoid_then_caught:1; no_avoidance_observed:1
38096,Sample_C_higher_range_550,50130,7,64-127,67,60,3,7,7,3->28,3->12,lower_hall,miss,up,7,short_wait,no_exit_layer_observed,exit_to_32-63,2,4-7:2; 32-63:1; NA:1,eventually_reentered_exit_layer:caught:2; eventually_reentered_exit_layer:avoid_then_caught:1; no_avoidance_observed:1
38103,Sample_C_higher_range_550,50131,6,64-127,67,60,3,7,7,3->28,3->12,lower_hall,miss,up,6,short_wait,no_exit_layer_observed,exit_to_32-63,2,4-7:2; 32-63:1; NA:1,eventually_reentered_exit_layer:caught:2; eventually_reentered_exit_layer:avoid_then_caught:1; no_avoidance_observed:1
38169,Sample_C_higher_range_550,50139,5,64-127,67,62,3,5,5,3->30,3->14,lower_hall,miss,up,5,short_wait,no_exit_layer_observed,exit_to_32-63,2,4-7:2; 32-63:1; NA:1,eventually_reentered_exit_layer:caught:2; eventually_reentered_exit_layer:avoid_then_caught:1; no_avoidance_observed:1
38342,Sample_C_higher_range_550,50172,8,64-127,67,62,3,5,5,3->30,3->14,lower_hall,miss,up,8,short_wait,no_exit_layer_observed,exit_to_32-63,2,4-7:2; 32-63:1; NA:1,eventually_reentered_exit_layer:caught:2; eventually_reentered_exit_layer:avoid_then_caught:1; no_avoidance_observed:1
38350,Sample_C_higher_range_550,50173,7,64-127,67,62,3,5,5,3->30,3->14,lower_hall,miss,up,7,short_wait,no_exit_layer_observed,exit_to_32-63,2,4-7:2; 32-63:1; NA:1,eventually_reentered_exit_layer:caught:2; eventually_reentered_exit_layer:avoid_then_caught:1; no_avoidance_observed:1
38719,Sample_C_higher_range_550,50236,4,64-127,68,62,4,6,6,4->30,4->14,lower_hall,miss,up,4,short_wait,no_exit_layer_observed,exit_to_32-63,2,4-7:2; 32-63:1; NA:1,eventually_reentered_exit_layer:avoid_then_caught:3; no_avoidance_observed:1
38723,Sample_C_higher_range_550,50237,3,64-127,68,62,4,6,6,4->30,4->14,lower_hall,miss,up,3,short_wait,no_exit_layer_observed,exit_to_32-63,2,4-7:2; 32-63:1; NA:1,eventually_reentered_exit_layer:avoid_then_caught:3; no_avoidance_observed:1
39021,Sample_C_higher_range_550,50270,16,64-127,70,63,6,7,7,6->31,6->15,lower_hall,miss,up,16,long_wait,no_exit_layer_observed,exit_to_32-63,2,4-7:2; 32-63:2,eventually_reentered_exit_layer:avoid_then_caught:4
39037,Sample_C_higher_range_550,50271,15,64-127,70,63,6,7,7,6->31,6->15,lower_hall,miss,up,15,long_wait,no_exit_layer_observed,exit_to_32-63,2,4-7:2; 32-63:2,eventually_reentered_exit_layer:avoid_then_caught:4
39275,Sample_C_higher_range_550,50296,4,64-127,67,63,3,4,4,3->31,3->15,lower_hall,miss,up,4,short_wait,no_exit_layer_observed,exit_to_32-63,2,4-7:2; 32-63:1; NA:1,eventually_reentered_exit_layer:avoid_then_caught:3; no_avoidance_observed:1
39300,Sample_C_higher_range_550,50298,4,64-127,67,63,3,4,4,3->31,3->15,lower_hall,miss,up,4,short_wait,no_exit_layer_observed,exit_to_32-63,2,4-7:2; 32-63:1; NA:1,eventually_reentered_exit_layer:avoid_then_caught:3; no_avoidance_observed:1
39792,Sample_C_higher_range_550,50343,7,64-127,67,63,3,4,4,3->31,3->15,lower_hall,miss,up,7,short_wait,no_exit_layer_observed,exit_to_32-63,2,4-7:2; 32-63:1; NA:1,eventually_reentered_exit_layer:caught:2; eventually_reentered_exit_layer:avoid_then_caught:1; no_avoidance_observed:1
39945,Sample_C_higher_range_550,50364,54,64-127,68,63,4,5,5,4->31,4->15,lower_hall,miss,up,41,long_wait,no_exit_layer_observed,exit_to_32-63,1,32-63:2; 4-7:1; NA:1,eventually_reentered_exit_layer:avoid_then_caught:3; no_avoidance_observed:1
39987,Sample_C_higher_range_550,50365,53,64-127,68,63,4,5,5,4->31,4->15,lower_hall,miss,up,41,long_wait,no_exit_layer_observed,exit_to_32-63,1,32-63:2; 4-7:1; NA:1,eventually_reentered_exit_layer:avoid_then_caught:3; no_avoidance_observed:1
40029,Sample_C_higher_range_550,50366,54,64-127,68,63,4,5,5,4->31,4->15,lower_hall,miss,up,41,long_wait,no_exit_layer_observed,exit_to_32-63,1,32-63:2; 4-7:1; NA:1,eventually_reentered_exit_layer:avoid_then_caught:3; no_avoidance_observed:1
41096,Sample_C_higher_range_550,50041,13,128-255,133,127,5,6,6,5->31,5->15,lower_hall,miss,up,13,long_wait,no_exit_layer_observed,exit_to_64-127,2,4-7:2; 64-127:2,eventually_reentered_exit_layer:caught:2; eventually_reentered_exit_layer:avoid_then_caught:2
41213,Sample_C_higher_range_550,50311,12,128-255,131,126,3,5,5,3->30,3->14,lower_hall,miss,up,12,long_wait,no_exit_layer_observed,exit_to_64-127,1,4-7:2; 64-127:1; NA:1,eventually_reentered_exit_layer:avoid_then_caught:3; no_avoidance_observed:1
41863,Sample_D_random_550,45028,25,32-63,36,31,4,5,5,4->31,4->15,lower_hall,miss,up,16,long_wait,no_exit_layer_observed,exit_to_16-31,3,16-31:2; 4-7:1; NA:1,eventually_reentered_exit_layer:avoid_then_caught:3; no_avoidance_observed:1
42116,Sample_D_random_550,84431,12,32-63,35,29,3,6,6,3->29,3->13,lower_hall,miss,up,12,long_wait,no_exit_layer_observed,exit_to_16-31,1,16-31:2; NA:2,eventually_reentered_exit_layer:avoid_then_caught:2; ended_without_later_exit_layer_reentry_observed:1; no_avoidance_observed:1
42739,Sample_D_random_550,142110,22,32-63,35,31,3,4,4,3->31,3->15,lower_hall,miss,up,15,long_wait,no_exit_layer_observed,exit_to_16-31,1,16-31:2; 4-7:1; NA:1,eventually_reentered_exit_layer:avoid_then_caught:3; no_avoidance_observed:1
42860,Sample_D_random_550,154247,20,32-63,37,31,5,6,6,5->31,5->15,lower_hall,miss,up,15,long_wait,no_exit_layer_observed,exit_to_16-31,3,4-7:2; 8-15:1; 16-31:1,eventually_reentered_exit_layer:avoid_then_caught:4
43134,Sample_D_random_550,185649,14,32-63,35,31,3,4,4,3->31,3->15,lower_hall,miss,up,14,long_wait,no_exit_layer_observed,exit_to_16-31,3,4-7:2; 8-15:1; NA:1,eventually_reentered_exit_layer:avoid_then_caught:3; no_avoidance_observed:1
43264,Sample_D_random_550,202573,15,32-63,35,31,3,4,4,3->31,3->15,lower_hall,miss,up,13,long_wait,no_exit_layer_observed,exit_to_16-31,1,16-31:2; 4-7:1; NA:1,eventually_reentered_exit_layer:avoid_then_caught:3; no_avoidance_observed:1
43444,Sample_D_random_550,215124,1,32-63,35,29,3,6,6,3->29,3->13,lower_hall,miss,up,1,direct_exit,no_exit_layer_observed,exit_to_16-31,1,16-31:2; 4-7:1; NA:1,eventually_reentered_exit_layer:avoid_then_caught:3; no_avoidance_observed:1
43474,Sample_D_random_550,216559,26,32-63,35,31,3,4,4,3->31,3->15,lower_hall,miss,up,13,long_wait,no_exit_layer_observed,exit_to_16-31,3,4-7:2; 8-15:1; NA:1,eventually_reentered_exit_layer:avoid_then_caught:3; no_avoidance_observed:1
43731,Sample_D_random_550,250940,4,32-63,37,31,5,6,6,5->31,5->15,lower_hall,miss,up,4,short_wait,no_exit_layer_observed,exit_to_16-31,3,4-7:2; 8-15:1; 16-31:1,eventually_reentered_exit_layer:avoid_then_caught:4
43987,Sample_D_random_550,273908,12,32-63,36,31,4,5,5,4->31,4->15,lower_hall,miss,up,12,long_wait,no_exit_layer_observed,exit_to_16-31,3,16-31:2; 4-7:1; NA:1,eventually_reentered_exit_layer:avoid_then_caught:3; no_avoidance_observed:1
44000,Sample_D_random_550,275258,12,32-63,35,30,3,5,5,3->30,3->14,lower_hall,miss,down,12,long_wait,no_exit_layer_observed,exit_to_16-31,3,4-7:2; 16-31:1; NA:1,eventually_reentered_exit_layer:avoid_then_caught:3; no_avoidance_observed:1
44180,Sample_D_random_550,299948,17,32-63,36,31,4,5,5,4->31,4->15,lower_hall,miss,up,17,long_wait,no_exit_layer_observed,exit_to_16-31,1,16-31:3; NA:1,eventually_reentered_exit_layer:avoid_then_caught:3; no_avoidance_observed:1
44468,Sample_D_random_550,329277,13,32-63,35,31,3,4,4,3->31,3->15,lower_hall,miss,up,13,long_wait,no_exit_layer_observed,exit_to_16-31,3,4-7:2; 8-15:1; NA:1,eventually_reentered_exit_layer:avoid_then_caught:3; no_avoidance_observed:1
44482,Sample_D_random_550,329359,13,32-63,35,31,3,4,4,3->31,3->15,lower_hall,miss,up,13,long_wait,no_exit_layer_observed,exit_to_16-31,3,4-7:2; 8-15:1; NA:1,eventually_reentered_exit_layer:avoid_then_caught:3; no_avoidance_observed:1
44539,Sample_D_random_550,335544,16,32-63,35,29,3,6,6,3->29,3->13,lower_hall,miss,up,16,long_wait,no_exit_layer_observed,exit_to_16-31,1,16-31:2; 4-7:1; NA:1,eventually_reentered_exit_layer:avoid_then_caught:3; no_avoidance_observed:1
44580,Sample_D_random_550,341977,2,32-63,36,29,4,7,7,4->29,4->13,lower_hall,miss,up,2,direct_exit,no_exit_layer_observed,exit_to_16-31,2,8-15:3; NA:1,eventually_reentered_exit_layer:avoid_then_caught:3; no_avoidance_observed:1
44582,Sample_D_random_550,342608,1,32-63,35,31,3,4,4,3->31,3->15,lower_hall,miss,flat,1,direct_exit,no_exit_layer_observed,exit_to_16-31,1,16-31:2; NA:2,eventually_reentered_exit_layer:avoid_then_caught:2; ended_without_later_exit_layer_reentry_observed:1; no_avoidance_observed:1
44655,Sample_D_random_550,353888,0,32-63,36,31,4,5,5,4->31,4->15,lower_hall,miss,start,0,direct_exit,no_exit_layer_observed,exit_to_16-31,1,16-31:3; 4-7:1,eventually_reentered_exit_layer:avoid_then_caught:3; eventually_reentered_exit_layer:caught:1
44670,Sample_D_random_550,354038,20,32-63,35,31,3,4,4,3->31,3->15,lower_hall,miss,up,14,long_wait,no_exit_layer_observed,exit_to_16-31,3,4-7:2; 16-31:1; NA:1,eventually_reentered_exit_layer:avoid_then_caught:3; no_avoidance_observed:1
44687,Sample_D_random_550,360228,36,32-63,35,31,3,4,4,3->31,3->15,lower_hall,miss,up,16,long_wait,no_exit_layer_observed,exit_to_16-31,3,4-7:2; 8-15:1; NA:1,eventually_reentered_exit_layer:avoid_then_caught:3; no_avoidance_observed:1
45050,Sample_D_random_550,399817,45,32-63,35,31,3,4,4,3->31,3->15,lower_hall,miss,up,16,long_wait,no_exit_layer_observed,exit_to_16-31,3,4-7:2; 8-15:1; NA:1,eventually_reentered_exit_layer:avoid_then_caught:3; no_avoidance_observed:1
45317,Sample_D_random_550,432791,26,32-63,35,31,3,4,4,3->31,3->15,lower_hall,miss,up,16,long_wait,no_exit_layer_observed,exit_to_16-31,3,4-7:2; 8-15:1; NA:1,eventually_reentered_exit_layer:avoid_then_caught:3; no_avoidance_observed:1
45510,Sample_D_random_550,454690,4,32-63,36,29,4,7,7,4->29,4->13,lower_hall,miss,up,4,short_wait,no_exit_layer_observed,exit_to_16-31,3,4-7:2; 16-31:1; NA:1,eventually_reentered_exit_layer:avoid_then_caught:3; no_avoidance_observed:1
45588,Sample_D_random_550,463464,21,32-63,36,31,4,5,5,4->31,4->15,lower_hall,miss,up,17,long_wait,no_exit_layer_observed,exit_to_16-31,3,4-7:2; 8-15:1; NA:1,eventually_reentered_exit_layer:avoid_then_caught:3; no_avoidance_observed:1
45752,Sample_D_random_550,474719,8,32-63,35,30,3,5,5,3->30,3->14,lower_hall,miss,up,8,short_wait,no_exit_layer_observed,exit_to_16-31,3,4-7:2; 16-31:1; NA:1,eventually_reentered_exit_layer:avoid_then_caught:3; no_avoidance_observed:1
45974,Sample_D_random_550,500973,3,32-63,37,31,5,6,6,5->31,5->15,lower_hall,miss,up,3,short_wait,no_exit_layer_observed,exit_to_16-31,3,16-31:3; 4-7:1,eventually_reentered_exit_layer:avoid_then_caught:4
46110,Sample_D_random_550,517709,29,32-63,35,30,3,5,5,3->30,3->14,lower_hall,miss,up,14,long_wait,no_exit_layer_observed,exit_to_16-31,3,4-7:2; 16-31:1; NA:1,eventually_reentered_exit_layer:avoid_then_caught:3; no_avoidance_observed:1
46259,Sample_D_random_550,534089,16,32-63,35,31,3,4,4,3->31,3->15,lower_hall,miss,up,15,long_wait,no_exit_layer_observed,exit_to_16-31,1,16-31:2; NA:2,eventually_reentered_exit_layer:avoid_then_caught:2; ended_without_later_exit_layer_reentry_observed:1; no_avoidance_observed:1
46272,Sample_D_random_550,535637,0,32-63,35,27,3,8,8,3->27,3->11,lower_hall,miss,start,0,direct_exit,no_exit_layer_observed,exit_to_16-31,3,4-7:2; 16-31:1; NA:1,eventually_reentered_exit_layer:caught:2; eventually_reentered_exit_layer:avoid_then_caught:1; no_avoidance_observed:1
46425,Sample_D_random_550,555008,0,32-63,40,29,8,11,11,8->29,8->13,lower_hall,miss,start,0,direct_exit,no_exit_layer_observed,exit_to_16-31,3,16-31:3; 4-7:1,eventually_reentered_exit_layer:avoid_then_caught:4
46574,Sample_D_random_550,561655,40,32-63,36,31,4,5,5,4->31,4->15,lower_hall,miss,up,14,long_wait,no_exit_layer_observed,exit_to_16-31,3,16-31:2; 4-7:1; NA:1,eventually_reentered_exit_layer:avoid_then_caught:3; no_avoidance_observed:1
46714,Sample_D_random_550,586850,17,32-63,36,31,4,5,5,4->31,4->15,lower_hall,miss,up,14,long_wait,no_exit_layer_observed,exit_to_16-31,3,4-7:2; 8-15:1; NA:1,eventually_reentered_exit_layer:avoid_then_caught:3; no_avoidance_observed:1
46794,Sample_D_random_550,592072,26,32-63,36,31,4,5,5,4->31,4->15,lower_hall,miss,up,16,long_wait,no_exit_layer_observed,exit_to_16-31,1,16-31:3; NA:1,eventually_reentered_exit_layer:avoid_then_caught:3; no_avoidance_observed:1
47129,Sample_D_random_550,621865,20,32-63,35,30,3,5,5,3->30,3->14,lower_hall,miss,up,11,long_wait,no_exit_layer_observed,exit_to_16-31,3,4-7:2; 16-31:1; NA:1,eventually_reentered_exit_layer:avoid_then_caught:3; no_avoidance_observed:1
47406,Sample_D_random_550,649066,15,32-63,36,31,4,5,5,4->31,4->15,lower_hall,miss,up,14,long_wait,no_exit_layer_observed,exit_to_16-31,3,16-31:2; 4-7:1; NA:1,eventually_reentered_exit_layer:avoid_then_caught:3; no_avoidance_observed:1
47712,Sample_D_random_550,687196,3,32-63,36,31,4,5,5,4->31,4->15,lower_hall,miss,up,3,short_wait,no_exit_layer_observed,exit_to_16-31,3,NA:2; 16-31:2,eventually_reentered_exit_layer:avoid_then_caught:2; ended_without_later_exit_layer_reentry_observed:1; no_avoidance_observed:1
47850,Sample_D_random_550,701713,28,32-63,36,31,4,5,5,4->31,4->15,lower_hall,miss,up,16,long_wait,no_exit_layer_observed,exit_to_16-31,1,16-31:3; NA:1,eventually_reentered_exit_layer:avoid_then_caught:3; no_avoidance_observed:1
48031,Sample_D_random_550,720538,25,32-63,36,31,4,5,5,4->31,4->15,lower_hall,miss,up,15,long_wait,no_exit_layer_observed,exit_to_16-31,3,16-31:2; 4-7:1; NA:1,eventually_reentered_exit_layer:avoid_then_caught:3; no_avoidance_observed:1
48479,Sample_D_random_550,771629,29,32-63,36,31,4,5,5,4->31,4->15,lower_hall,miss,up,15,long_wait,no_exit_layer_observed,exit_to_16-31,3,4-7:2; 8-15:1; NA:1,eventually_reentered_exit_layer:avoid_then_caught:3; no_avoidance_observed:1
48498,Sample_D_random_550,773302,18,32-63,35,30,3,5,5,3->30,3->14,lower_hall,miss,flat,13,long_wait,no_exit_layer_observed,exit_to_16-31,3,4-7:2; 16-31:1; NA:1,eventually_reentered_exit_layer:avoid_then_caught:3; no_avoidance_observed:1
48529,Sample_D_random_550,778042,10,32-63,35,30,3,5,5,3->30,3->14,lower_hall,miss,up,10,short_wait,no_exit_layer_observed,exit_to_16-31,1,16-31:2; 4-7:1; NA:1,eventually_reentered_exit_layer:avoid_then_caught:2; eventually_reentered_exit_layer:caught:1; no_avoidance_observed:1
48567,Sample_D_random_550,783856,6,32-63,35,30,3,5,5,3->30,3->14,lower_hall,miss,down,6,short_wait,no_exit_layer_observed,exit_to_16-31,3,4-7:2; 16-31:1; NA:1,eventually_reentered_exit_layer:avoid_then_caught:3; no_avoidance_observed:1
48581,Sample_D_random_550,792274,18,32-63,35,31,3,4,4,3->31,3->15,lower_hall,miss,up,13,long_wait,no_exit_layer_observed,exit_to_16-31,3,4-7:2; 16-31:1; NA:1,eventually_reentered_exit_layer:avoid_then_caught:3; no_avoidance_observed:1
48632,Sample_D_random_550,795745,16,32-63,36,30,4,6,6,4->30,4->14,lower_hall,miss,up,12,long_wait,no_exit_layer_observed,exit_to_16-31,3,4-7:2; 16-31:1; NA:1,eventually_reentered_exit_layer:avoid_then_caught:3; no_avoidance_observed:1
48694,Sample_D_random_550,798106,5,32-63,35,30,3,5,5,3->30,3->14,lower_hall,miss,up,5,short_wait,no_exit_layer_observed,exit_to_16-31,3,4-7:2; 16-31:1; NA:1,eventually_reentered_exit_layer:avoid_then_caught:3; no_avoidance_observed:1
48921,Sample_D_random_550,821854,22,32-63,35,31,3,4,4,3->31,3->15,lower_hall,miss,up,13,long_wait,no_exit_layer_observed,exit_to_16-31,3,4-7:2; 8-15:1; NA:1,eventually_reentered_exit_layer:avoid_then_caught:3; no_avoidance_observed:1
48950,Sample_D_random_550,825661,12,32-63,35,27,3,8,8,3->27,3->11,lower_hall,miss,up,12,long_wait,no_exit_layer_observed,exit_to_16-31,3,4-7:2; 16-31:1; NA:1,eventually_reentered_exit_layer:avoid_then_caught:3; no_avoidance_observed:1
49111,Sample_D_random_550,841609,32,32-63,35,31,3,4,4,3->31,3->15,lower_hall,miss,up,11,long_wait,no_exit_layer_observed,exit_to_16-31,1,16-31:2; 4-7:1; NA:1,eventually_reentered_exit_layer:avoid_then_caught:3; no_avoidance_observed:1
49437,Sample_D_random_550,874970,7,32-63,36,30,4,6,6,4->30,4->14,lower_hall,miss,up,7,short_wait,no_exit_layer_observed,exit_to_16-31,1,16-31:3; NA:1,eventually_reentered_exit_layer:avoid_then_caught:3; no_avoidance_observed:1
49546,Sample_D_random_550,887548,45,32-63,36,31,4,5,5,4->31,4->15,lower_hall,miss,up,14,long_wait,no_exit_layer_observed,exit_to_16-31,3,16-31:2; 4-7:1; NA:1,eventually_reentered_exit_layer:avoid_then_caught:3; no_avoidance_observed:1
49661,Sample_D_random_550,898627,15,32-63,35,30,3,5,5,3->30,3->14,lower_hall,miss,up,13,long_wait,no_exit_layer_observed,exit_to_16-31,3,4-7:2; 16-31:1; NA:1,eventually_reentered_exit_layer:avoid_then_caught:3; no_avoidance_observed:1
50015,Sample_D_random_550,937990,8,32-63,35,31,3,4,4,3->31,3->15,lower_hall,miss,up,8,short_wait,no_exit_layer_observed,exit_to_16-31,3,4-7:2; 8-15:1; NA:1,eventually_reentered_exit_layer:avoid_then_caught:3; no_avoidance_observed:1
50281,Sample_D_random_550,976758,26,32-63,36,31,4,5,5,4->31,4->15,lower_hall,miss,up,15,long_wait,no_exit_layer_observed,exit_to_16-31,3,4-7:2; 8-15:1; NA:1,eventually_reentered_exit_layer:avoid_then_caught:3; no_avoidance_observed:1
50406,Sample_D_random_550,981443,18,32-63,35,31,3,4,4,3->31,3->15,lower_hall,miss,up,16,long_wait,no_exit_layer_observed,exit_to_16-31,3,4-7:4,eventually_reentered_exit_layer:avoid_then_caught:3; eventually_reentered_exit_layer:caught:1
50555,Sample_D_random_550,998417,13,32-63,36,28,4,8,8,4->28,4->12,lower_hall,miss,up,13,long_wait,no_exit_layer_observed,exit_to_16-31,3,4-7:2; 16-31:1; NA:1,eventually_reentered_exit_layer:avoid_then_caught:3; no_avoidance_observed:1
50618,Sample_D_random_550,23797,0,64-127,67,62,3,5,5,3->30,3->14,lower_hall,miss,start,0,direct_exit,no_exit_layer_observed,exit_to_32-63,2,4-7:2; 32-63:1; NA:1,eventually_reentered_exit_layer:caught:2; eventually_reentered_exit_layer:avoid_then_caught:1; no_avoidance_observed:1
51065,Sample_D_random_550,93260,6,64-127,67,62,3,5,5,3->30,3->14,lower_hall,miss,up,6,short_wait,no_exit_layer_observed,exit_to_32-63,2,4-7:2; 32-63:1; NA:1,eventually_reentered_exit_layer:avoid_then_caught:3; no_avoidance_observed:1
51456,Sample_D_random_550,127506,50,64-127,68,63,4,5,5,4->31,4->15,lower_hall,miss,up,41,long_wait,no_exit_layer_observed,exit_to_32-63,1,32-63:2; 4-7:1; NA:1,eventually_reentered_exit_layer:avoid_then_caught:3; no_avoidance_observed:1
52661,Sample_D_random_550,291651,20,64-127,67,62,3,5,5,3->30,3->14,lower_hall,miss,up,20,long_wait,no_exit_layer_observed,exit_to_32-63,2,8-15:2; 32-63:1; NA:1,eventually_reentered_exit_layer:avoid_then_caught:3; no_avoidance_observed:1
53219,Sample_D_random_550,373032,6,64-127,67,62,3,5,5,3->30,3->14,lower_hall,miss,up,6,short_wait,no_exit_layer_observed,exit_to_32-63,2,4-7:2; 32-63:1; NA:1,eventually_reentered_exit_layer:avoid_then_caught:3; no_avoidance_observed:1
53807,Sample_D_random_550,452335,13,64-127,67,62,3,5,5,3->30,3->14,lower_hall,miss,up,13,long_wait,no_exit_layer_observed,exit_to_32-63,2,4-7:2; 32-63:1; NA:1,eventually_reentered_exit_layer:avoid_then_caught:3; no_avoidance_observed:1
53985,Sample_D_random_550,468724,21,64-127,68,61,4,7,7,4->29,4->13,lower_hall,miss,up,21,long_wait,no_exit_layer_observed,exit_to_32-63,2,4-7:2; 32-63:1; NA:1,eventually_reentered_exit_layer:caught:2; eventually_reentered_exit_layer:avoid_then_caught:1; no_avoidance_observed:1
54069,Sample_D_random_550,476655,18,64-127,70,63,6,7,7,6->31,6->15,lower_hall,miss,up,18,long_wait,no_exit_layer_observed,exit_to_32-63,2,4-7:2; 32-63:2,eventually_reentered_exit_layer:avoid_then_caught:4
54561,Sample_D_random_550,549307,6,64-127,68,62,4,6,6,4->30,4->14,lower_hall,miss,up,6,short_wait,no_exit_layer_observed,exit_to_32-63,2,4-7:2; 32-63:1; NA:1,eventually_reentered_exit_layer:avoid_then_caught:3; no_avoidance_observed:1
54916,Sample_D_random_550,588592,3,64-127,70,63,6,7,7,6->31,6->15,lower_hall,miss,up,3,short_wait,no_exit_layer_observed,exit_to_32-63,2,4-7:2; 32-63:2,eventually_reentered_exit_layer:caught:2; eventually_reentered_exit_layer:avoid_then_caught:2
55030,Sample_D_random_550,603011,15,64-127,67,60,3,7,7,3->28,3->12,lower_hall,miss,up,15,long_wait,no_exit_layer_observed,exit_to_32-63,2,4-7:2; 32-63:1; NA:1,eventually_reentered_exit_layer:avoid_then_caught:3; no_avoidance_observed:1
55936,Sample_D_random_550,688089,2,64-127,69,62,5,7,7,5->30,5->14,lower_hall,miss,up,2,direct_exit,no_exit_layer_observed,exit_to_32-63,2,4-7:2; 32-63:2,eventually_reentered_exit_layer:avoid_then_caught:4
56449,Sample_D_random_550,765257,48,64-127,68,63,4,5,5,4->31,4->15,lower_hall,miss,up,36,long_wait,no_exit_layer_observed,exit_to_32-63,1,32-63:2; 4-7:1; NA:1,eventually_reentered_exit_layer:avoid_then_caught:3; no_avoidance_observed:1
56604,Sample_D_random_550,794246,2,64-127,67,63,3,4,4,3->31,3->15,lower_hall,miss,up,2,direct_exit,no_exit_layer_observed,exit_to_32-63,2,4-7:2; 32-63:1; NA:1,eventually_reentered_exit_layer:avoid_then_caught:3; no_avoidance_observed:1
56728,Sample_D_random_550,805887,39,64-127,67,62,3,5,5,3->30,3->14,lower_hall,miss,up,32,long_wait,no_exit_layer_observed,exit_to_32-63,2,4-7:2; 32-63:1; NA:1,eventually_reentered_exit_layer:avoid_then_caught:3; no_avoidance_observed:1
57111,Sample_D_random_550,843023,3,64-127,69,63,5,6,6,5->31,5->15,lower_hall,miss,up,3,short_wait,no_exit_layer_observed,exit_to_32-63,1,32-63:3; NA:1,eventually_reentered_exit_layer:avoid_then_caught:3; ended_without_later_exit_layer_reentry_observed:1
57115,Sample_D_random_550,850325,3,64-127,67,61,3,6,6,3->29,3->13,lower_hall,miss,up,3,short_wait,no_exit_layer_observed,exit_to_32-63,1,4-7:2; 32-63:1; NA:1,eventually_reentered_exit_layer:avoid_then_caught:3; no_avoidance_observed:1
58313,Sample_D_random_550,981221,18,64-127,67,62,3,5,5,3->30,3->14,lower_hall,miss,up,18,long_wait,no_exit_layer_observed,exit_to_32-63,2,4-7:2; 32-63:1; NA:1,eventually_reentered_exit_layer:avoid_then_caught:3; no_avoidance_observed:1
58727,Sample_D_random_550,412366,15,128-255,132,126,4,6,6,4->30,4->14,lower_hall,miss,up,15,long_wait,no_exit_layer_observed,exit_to_64-127,2,4-7:2; 64-127:1; NA:1,eventually_reentered_exit_layer:caught:2; eventually_reentered_exit_layer:avoid_then_caught:1; no_avoidance_observed:1
59282,Sample_D_random_550,718402,4,128-255,131,127,3,4,4,3->31,3->15,lower_hall,miss,up,4,short_wait,no_exit_layer_observed,exit_to_64-127,2,4-7:2; 64-127:1; NA:1,eventually_reentered_exit_layer:caught:2; eventually_reentered_exit_layer:avoid_then_caught:1; no_avoidance_observed:1
59307,Sample_D_random_550,802015,12,128-255,131,126,3,5,5,3->30,3->14,lower_hall,miss,up,12,long_wait,no_exit_layer_observed,exit_to_64-127,2,4-7:2; 64-127:1; NA:1,eventually_reentered_exit_layer:caught:2; eventually_reentered_exit_layer:avoid_then_caught:1; no_avoidance_observed:1
59354,Sample_D_random_550,839951,3,128-255,131,125,3,6,6,3->29,3->13,lower_hall,miss,up,3,short_wait,no_exit_layer_observed,exit_to_64-127,2,4-7:2; 64-127:1; NA:1,eventually_reentered_exit_layer:caught:2; eventually_reentered_exit_layer:avoid_then_caught:1; no_avoidance_observed:1
59447,Sample_D_random_550,926647,9,128-255,133,127,5,6,6,5->31,5->15,lower_hall,miss,up,9,short_wait,no_exit_layer_observed,exit_to_64-127,2,4-7:2; 64-127:2,eventually_reentered_exit_layer:caught:2; eventually_reentered_exit_layer:avoid_then_caught:2
59465,Sample_D_random_550,956887,17,128-255,131,126,3,5,5,3->30,3->14,lower_hall,miss,up,17,long_wait,no_exit_layer_observed,exit_to_64-127,2,4-7:2; 64-127:1; NA:1,eventually_reentered_exit_layer:caught:2; eventually_reentered_exit_layer:avoid_then_caught:1; no_avoidance_observed:1
59553,Sample_E_stratified_550,12605,4,32-63,36,30,4,6,6,4->30,4->14,lower_hall,miss,up,4,short_wait,no_exit_layer_observed,exit_to_16-31,3,4-7:2; 16-31:1; NA:1,eventually_reentered_exit_layer:avoid_then_caught:3; no_avoidance_observed:1
59894,Sample_E_stratified_550,72093,16,32-63,37,29,5,8,8,5->29,5->13,lower_hall,miss,up,15,long_wait,no_exit_layer_observed,exit_to_16-31,3,16-31:3; 4-7:1,eventually_reentered_exit_layer:avoid_then_caught:4
60062,Sample_E_stratified_550,99182,7,32-63,35,30,3,5,5,3->30,3->14,lower_hall,miss,up,7,short_wait,no_exit_layer_observed,exit_to_16-31,3,4-7:2; 8-15:1; NA:1,eventually_reentered_exit_layer:avoid_then_caught:3; no_avoidance_observed:1
60179,Sample_E_stratified_550,104722,24,32-63,35,29,3,6,6,3->29,3->13,lower_hall,miss,up,15,long_wait,no_exit_layer_observed,exit_to_16-31,1,16-31:2; 4-7:1; NA:1,eventually_reentered_exit_layer:avoid_then_caught:3; no_avoidance_observed:1
60234,Sample_E_stratified_550,109192,27,32-63,35,30,3,5,5,3->30,3->14,lower_hall,miss,up,14,long_wait,no_exit_layer_observed,exit_to_16-31,3,4-7:2; 16-31:1; NA:1,eventually_reentered_exit_layer:avoid_then_caught:3; no_avoidance_observed:1
60556,Sample_E_stratified_550,166012,14,32-63,35,30,3,5,5,3->30,3->14,lower_hall,miss,up,14,long_wait,no_exit_layer_observed,exit_to_16-31,3,4-7:2; 16-31:1; NA:1,eventually_reentered_exit_layer:avoid_then_caught:3; no_avoidance_observed:1
60859,Sample_E_stratified_550,240502,7,32-63,36,31,4,5,5,4->31,4->15,lower_hall,miss,up,7,short_wait,no_exit_layer_observed,exit_to_16-31,1,16-31:3; NA:1,eventually_reentered_exit_layer:avoid_then_caught:3; no_avoidance_observed:1
61049,Sample_E_stratified_550,267025,6,32-63,35,30,3,5,5,3->30,3->14,lower_hall,miss,up,6,short_wait,no_exit_layer_observed,exit_to_16-31,3,4-7:2; 16-31:1; NA:1,eventually_reentered_exit_layer:avoid_then_caught:3; no_avoidance_observed:1
61103,Sample_E_stratified_550,273739,11,32-63,37,29,5,8,8,5->29,5->13,lower_hall,miss,up,11,long_wait,no_exit_layer_observed,exit_to_16-31,3,16-31:3; 4-7:1,eventually_reentered_exit_layer:avoid_then_caught:4
61463,Sample_E_stratified_550,329466,14,32-63,37,31,5,6,6,5->31,5->15,lower_hall,miss,up,14,long_wait,no_exit_layer_observed,exit_to_16-31,3,4-7:2; 8-15:1; 16-31:1,eventually_reentered_exit_layer:avoid_then_caught:4
61480,Sample_E_stratified_550,331979,27,32-63,35,31,3,4,4,3->31,3->15,lower_hall,miss,flat,16,long_wait,no_exit_layer_observed,exit_to_16-31,3,4-7:2; 16-31:1; NA:1,eventually_reentered_exit_layer:avoid_then_caught:3; no_avoidance_observed:1
61487,Sample_E_stratified_550,337364,3,32-63,36,28,4,8,8,4->28,4->12,lower_hall,miss,up,3,short_wait,no_exit_layer_observed,exit_to_16-31,3,4-7:2; 16-31:1; NA:1,eventually_reentered_exit_layer:avoid_then_caught:3; no_avoidance_observed:1
61906,Sample_E_stratified_550,385152,0,32-63,36,29,4,7,7,4->29,4->13,lower_hall,miss,start,0,direct_exit,no_exit_layer_observed,exit_to_16-31,1,16-31:3; NA:1,eventually_reentered_exit_layer:avoid_then_caught:3; no_avoidance_observed:1
62598,Sample_E_stratified_550,469462,14,32-63,35,29,3,6,6,3->29,3->13,lower_hall,miss,up,14,long_wait,no_exit_layer_observed,exit_to_16-31,3,4-7:2; 16-31:1; NA:1,eventually_reentered_exit_layer:caught:2; eventually_reentered_exit_layer:avoid_then_caught:1; no_avoidance_observed:1
62658,Sample_E_stratified_550,475955,8,32-63,35,31,3,4,4,3->31,3->15,lower_hall,miss,up,8,short_wait,no_exit_layer_observed,exit_to_16-31,3,4-7:2; 16-31:1; NA:1,eventually_reentered_exit_layer:avoid_then_caught:3; no_avoidance_observed:1
62725,Sample_E_stratified_550,486929,13,32-63,36,31,4,5,5,4->31,4->15,lower_hall,miss,up,13,long_wait,no_exit_layer_observed,exit_to_16-31,3,16-31:2; 4-7:1; NA:1,eventually_reentered_exit_layer:avoid_then_caught:3; no_avoidance_observed:1
62765,Sample_E_stratified_550,490309,17,32-63,35,31,3,4,4,3->31,3->15,lower_hall,miss,up,16,long_wait,no_exit_layer_observed,exit_to_16-31,1,16-31:2; 4-7:2,eventually_reentered_exit_layer:avoid_then_caught:3; eventually_reentered_exit_layer:caught:1
63027,Sample_E_stratified_550,526273,27,32-63,36,31,4,5,5,4->31,4->15,lower_hall,miss,up,16,long_wait,no_exit_layer_observed,exit_to_16-31,1,16-31:3; NA:1,eventually_reentered_exit_layer:avoid_then_caught:3; no_avoidance_observed:1
63033,Sample_E_stratified_550,527825,5,32-63,37,31,5,6,6,5->31,5->15,lower_hall,miss,up,5,short_wait,no_exit_layer_observed,exit_to_16-31,3,4-7:2; 8-15:1; 16-31:1,eventually_reentered_exit_layer:avoid_then_caught:4
63503,Sample_E_stratified_550,573281,32,32-63,35,31,3,4,4,3->31,3->15,lower_hall,miss,up,16,long_wait,no_exit_layer_observed,exit_to_16-31,1,16-31:2; 4-7:2,eventually_reentered_exit_layer:avoid_then_caught:3; eventually_reentered_exit_layer:caught:1
63722,Sample_E_stratified_550,594123,16,32-63,35,31,3,4,4,3->31,3->15,lower_hall,miss,up,13,long_wait,no_exit_layer_observed,exit_to_16-31,3,4-7:2; 16-31:1; NA:1,eventually_reentered_exit_layer:avoid_then_caught:3; no_avoidance_observed:1
63828,Sample_E_stratified_550,607805,21,32-63,36,31,4,5,5,4->31,4->15,lower_hall,miss,up,16,long_wait,no_exit_layer_observed,exit_to_16-31,3,16-31:2; 4-7:1; NA:1,eventually_reentered_exit_layer:avoid_then_caught:3; no_avoidance_observed:1
63878,Sample_E_stratified_550,613492,33,32-63,35,30,3,5,5,3->30,3->14,lower_hall,miss,up,14,long_wait,no_exit_layer_observed,exit_to_16-31,3,4-7:2; 16-31:1; NA:1,eventually_reentered_exit_layer:avoid_then_caught:3; no_avoidance_observed:1
63941,Sample_E_stratified_550,615383,42,32-63,36,31,4,5,5,4->31,4->15,lower_hall,miss,up,16,long_wait,no_exit_layer_observed,exit_to_16-31,1,16-31:3; NA:1,eventually_reentered_exit_layer:avoid_then_caught:3; no_avoidance_observed:1
65341,Sample_E_stratified_550,773827,42,32-63,35,29,3,6,6,3->29,3->13,lower_hall,miss,up,17,long_wait,no_exit_layer_observed,exit_to_16-31,1,16-31:2; 4-7:1; NA:1,eventually_reentered_exit_layer:avoid_then_caught:3; no_avoidance_observed:1
65385,Sample_E_stratified_550,776783,9,32-63,35,28,3,7,7,3->28,3->12,lower_hall,miss,up,9,short_wait,no_exit_layer_observed,exit_to_16-31,3,4-7:2; 16-31:1; NA:1,eventually_reentered_exit_layer:caught:2; eventually_reentered_exit_layer:avoid_then_caught:1; no_avoidance_observed:1
65566,Sample_E_stratified_550,790978,59,32-63,36,31,4,5,5,4->31,4->15,lower_hall,miss,up,18,long_wait,no_exit_layer_observed,exit_to_16-31,3,4-7:2; 8-15:1; NA:1,eventually_reentered_exit_layer:avoid_then_caught:3; no_avoidance_observed:1
65631,Sample_E_stratified_550,799802,4,32-63,35,31,3,4,4,3->31,3->15,lower_hall,miss,up,4,short_wait,no_exit_layer_observed,exit_to_16-31,3,4-7:2; 8-15:1; NA:1,eventually_reentered_exit_layer:avoid_then_caught:2; eventually_reentered_exit_layer:caught:1; no_avoidance_observed:1
65728,Sample_E_stratified_550,818498,8,32-63,35,31,3,4,4,3->31,3->15,lower_hall,miss,up,8,short_wait,no_exit_layer_observed,exit_to_16-31,3,4-7:2; 8-15:2,eventually_reentered_exit_layer:avoid_then_caught:4
65800,Sample_E_stratified_550,830223,3,32-63,39,29,7,10,10,7->29,7->13,lower_hall,miss,up,3,short_wait,no_exit_layer_observed,exit_to_16-31,3,4-7:2; 16-31:2,eventually_reentered_exit_layer:caught:2; eventually_reentered_exit_layer:avoid_then_caught:2
65866,Sample_E_stratified_550,838187,11,32-63,35,31,3,4,4,3->31,3->15,lower_hall,miss,down,11,long_wait,no_exit_layer_observed,exit_to_16-31,3,4-7:2; 8-15:1; NA:1,eventually_reentered_exit_layer:avoid_then_caught:3; no_avoidance_observed:1
66012,Sample_E_stratified_550,854434,29,32-63,37,28,5,9,9,5->28,5->12,lower_hall,miss,up,17,long_wait,no_exit_layer_observed,exit_to_16-31,3,16-31:3; 4-7:1,eventually_reentered_exit_layer:avoid_then_caught:4
66471,Sample_E_stratified_550,910974,14,32-63,35,27,3,8,8,3->27,3->11,lower_hall,miss,up,14,long_wait,no_exit_layer_observed,exit_to_16-31,3,4-7:2; 16-31:1; NA:1,eventually_reentered_exit_layer:avoid_then_caught:3; no_avoidance_observed:1
66546,Sample_E_stratified_550,926632,1,32-63,36,31,4,5,5,4->31,4->15,lower_hall,miss,up,1,direct_exit,no_exit_layer_observed,exit_to_16-31,1,16-31:3; NA:1,eventually_reentered_exit_layer:avoid_then_caught:3; no_avoidance_observed:1
66650,Sample_E_stratified_550,943163,19,32-63,36,30,4,6,6,4->30,4->14,lower_hall,miss,up,12,long_wait,no_exit_layer_observed,exit_to_16-31,3,4-7:2; 16-31:1; NA:1,eventually_reentered_exit_layer:avoid_then_caught:3; no_avoidance_observed:1
66824,Sample_E_stratified_550,959582,19,32-63,35,31,3,4,4,3->31,3->15,lower_hall,miss,up,10,short_wait,no_exit_layer_observed,exit_to_16-31,1,16-31:2; 4-7:1; NA:1,eventually_reentered_exit_layer:avoid_then_caught:3; no_avoidance_observed:1
66921,Sample_E_stratified_550,974515,14,32-63,37,28,5,9,9,5->28,5->12,lower_hall,miss,up,14,long_wait,no_exit_layer_observed,exit_to_16-31,3,16-31:3; 4-7:1,eventually_reentered_exit_layer:avoid_then_caught:4
67302,Sample_E_stratified_550,61239,11,64-127,70,63,6,7,7,6->31,6->15,lower_hall,miss,up,11,long_wait,no_exit_layer_observed,exit_to_32-63,2,4-7:2; 32-63:2,eventually_reentered_exit_layer:caught:2; eventually_reentered_exit_layer:avoid_then_caught:2
67380,Sample_E_stratified_550,71716,48,64-127,68,63,4,5,5,4->31,4->15,lower_hall,miss,up,41,long_wait,no_exit_layer_observed,exit_to_32-63,1,32-63:2; 4-7:1; NA:1,eventually_reentered_exit_layer:avoid_then_caught:3; no_avoidance_observed:1
68941,Sample_E_stratified_550,377323,60,64-127,68,63,4,5,5,4->31,4->15,lower_hall,miss,up,41,long_wait,no_exit_layer_observed,exit_to_32-63,1,32-63:2; 4-7:1; NA:1,eventually_reentered_exit_layer:avoid_then_caught:3; no_avoidance_observed:1
69219,Sample_E_stratified_550,411119,46,64-127,67,63,3,4,4,3->31,3->15,lower_hall,miss,up,36,long_wait,no_exit_layer_observed,exit_to_32-63,2,4-7:2; 32-63:1; NA:1,eventually_reentered_exit_layer:avoid_then_caught:3; no_avoidance_observed:1
69758,Sample_E_stratified_550,464209,14,64-127,72,63,8,9,9,8->31,8->15,lower_hall,miss,up,14,long_wait,no_exit_layer_observed,exit_to_32-63,2,4-7:2; 32-63:2,eventually_reentered_exit_layer:avoid_then_caught:4
70565,Sample_E_stratified_550,560062,47,64-127,67,63,3,4,4,3->31,3->15,lower_hall,miss,up,35,long_wait,no_exit_layer_observed,exit_to_32-63,3,4-7:2; 32-63:1; NA:1,eventually_reentered_exit_layer:avoid_then_caught:3; no_avoidance_observed:1
71369,Sample_E_stratified_550,618769,7,64-127,69,61,5,8,8,5->29,5->13,lower_hall,miss,up,7,short_wait,no_exit_layer_observed,exit_to_32-63,2,4-7:2; 32-63:2,eventually_reentered_exit_layer:caught:2; eventually_reentered_exit_layer:avoid_then_caught:2
71972,Sample_E_stratified_550,694878,41,64-127,67,62,3,5,5,3->30,3->14,lower_hall,miss,up,34,long_wait,no_exit_layer_observed,exit_to_32-63,2,4-7:2; 32-63:1; NA:1,eventually_reentered_exit_layer:avoid_then_caught:3; no_avoidance_observed:1
72491,Sample_E_stratified_550,763681,3,64-127,67,63,3,4,4,3->31,3->15,lower_hall,miss,up,3,short_wait,no_exit_layer_observed,exit_to_32-63,2,4-7:2; 32-63:1; NA:1,eventually_reentered_exit_layer:caught:2; eventually_reentered_exit_layer:avoid_then_caught:1; no_avoidance_observed:1
74327,Sample_E_stratified_550,968635,44,64-127,68,63,4,5,5,4->31,4->15,lower_hall,miss,up,38,long_wait,no_exit_layer_observed,exit_to_32-63,1,32-63:2; 4-7:1; NA:1,eventually_reentered_exit_layer:avoid_then_caught:3; no_avoidance_observed:1
74539,Sample_E_stratified_550,84447,10,128-255,133,127,5,6,6,5->31,5->15,lower_hall,miss,up,10,short_wait,no_exit_layer_observed,exit_to_64-127,2,4-7:2; 64-127:2,eventually_reentered_exit_layer:caught:2; eventually_reentered_exit_layer:avoid_then_caught:2
74837,Sample_E_stratified_550,418097,1,128-255,131,127,3,4,4,3->31,3->15,lower_hall,miss,up,1,direct_exit,no_exit_layer_observed,exit_to_64-127,2,4-7:2; 64-127:1; NA:1,eventually_reentered_exit_layer:caught:2; eventually_reentered_exit_layer:avoid_then_caught:1; no_avoidance_observed:1
75095,Sample_E_stratified_550,514873,22,128-255,132,126,4,6,6,4->30,4->14,lower_hall,miss,up,22,long_wait,no_exit_layer_observed,exit_to_64-127,2,4-7:2; 64-127:1; NA:1,eventually_reentered_exit_layer:caught:2; eventually_reentered_exit_layer:avoid_then_caught:1; no_avoidance_observed:1
75565,Sample_E_stratified_550,616906,1,128-255,131,127,3,4,4,3->31,3->15,lower_hall,miss,up,1,direct_exit,no_exit_layer_observed,exit_to_64-127,2,4-7:2; 64-127:1; NA:1,eventually_reentered_exit_layer:caught:2; eventually_reentered_exit_layer:avoid_then_caught:1; no_avoidance_observed:1
75662,Sample_E_stratified_550,650801,15,128-255,131,127,3,4,4,3->31,3->15,lower_hall,miss,up,15,long_wait,no_exit_layer_observed,exit_to_64-127,2,4-7:2; 64-127:1; NA:1,eventually_reentered_exit_layer:caught:2; eventually_reentered_exit_layer:avoid_then_caught:1; no_avoidance_observed:1
75828,Sample_E_stratified_550,739108,4,128-255,131,127,3,4,4,3->31,3->15,lower_hall,miss,up,4,short_wait,no_exit_layer_observed,exit_to_64-127,2,4-7:2; 64-127:1; NA:1,eventually_reentered_exit_layer:caught:2; eventually_reentered_exit_layer:avoid_then_caught:1; no_avoidance_observed:1
75895,Sample_E_stratified_550,764148,8,128-255,131,126,3,5,5,3->30,3->14,lower_hall,miss,up,8,short_wait,no_exit_layer_observed,exit_to_64-127,1,4-7:2; 64-127:1; NA:1,eventually_reentered_exit_layer:avoid_then_caught:3; no_avoidance_observed:1
76259,Sample_E_stratified_550,878747,46,128-255,131,126,3,5,5,3->30,3->14,lower_hall,miss,up,46,long_wait,no_exit_layer_observed,exit_to_64-127,2,4-7:2; 64-127:1; NA:1,eventually_reentered_exit_layer:caught:2; eventually_reentered_exit_layer:avoid_then_caught:1; no_avoidance_observed:1
18791,Sample_A_baseline,4551,13,64-127,99,94,35,5,5,3->30,3->14,mid_hall,drift,up,30,long_wait,drift_down,mid_hall,2,4-7:2; NA:2,eventually_reentered_exit_layer:caught:2; no_avoidance_observed:2
27261,Sample_B_next_range_550,4862,7,64-127,99,94,35,5,5,3->30,3->14,mid_hall,drift,up,24,long_wait,mid_band_wait_then_drop,mid_hall,2,4-7:2; NA:2,eventually_reentered_exit_layer:caught:2; no_avoidance_observed:2
37057,Sample_C_higher_range_550,50015,4,64-127,99,93,35,6,6,3->29,3->13,mid_hall,drift,up,20,long_wait,mid_band_wait_then_drop,mid_hall,2,4-7:2; NA:2,eventually_reentered_exit_layer:caught:2; no_avoidance_observed:2
37335,Sample_C_higher_range_550,50033,1,64-127,101,95,37,6,6,5->31,5->15,mid_hall,drift,up,20,long_wait,mid_band_wait_then_drop,mid_hall,2,4-7:2; NA:2,eventually_reentered_exit_layer:caught:2; no_avoidance_observed:2
38016,Sample_C_higher_range_550,50121,3,64-127,99,95,35,4,4,3->31,3->15,mid_hall,drift,up,20,long_wait,mid_band_wait_then_drop,mid_hall,2,4-7:2; NA:2,eventually_reentered_exit_layer:caught:2; no_avoidance_observed:2
38559,Sample_C_higher_range_550,50206,4,64-127,99,94,35,5,5,3->30,3->14,mid_hall,drift,up,21,long_wait,mid_band_wait_then_drop,mid_hall,2,4-7:2; NA:2,eventually_reentered_exit_layer:caught:2; no_avoidance_observed:2
38967,Sample_C_higher_range_550,50268,3,64-127,99,94,35,5,5,3->30,3->14,mid_hall,drift,up,20,long_wait,mid_band_wait_then_drop,mid_hall,2,4-7:2; NA:2,eventually_reentered_exit_layer:caught:2; no_avoidance_observed:2
38987,Sample_C_higher_range_550,50269,2,64-127,99,94,35,5,5,3->30,3->14,mid_hall,drift,up,19,long_wait,mid_band_wait_then_drop,mid_hall,2,4-7:2; NA:2,eventually_reentered_exit_layer:caught:2; no_avoidance_observed:2
39630,Sample_C_higher_range_550,50331,21,64-127,101,94,37,7,7,5->30,5->14,mid_hall,drift,up,37,long_wait,drift_down,mid_hall,2,4-7:2; NA:2,eventually_reentered_exit_layer:avoid_then_caught:2; no_avoidance_observed:2
40246,Sample_C_higher_range_550,50415,16,64-127,100,95,36,5,5,4->31,4->15,mid_hall,drift,up,33,long_wait,drift_down,mid_hall,2,4-7:2; NA:2,eventually_reentered_exit_layer:caught:2; no_avoidance_observed:2
40747,Sample_C_higher_range_550,50503,21,64-127,99,93,35,6,6,3->29,3->13,mid_hall,drift,up,33,long_wait,drift_down,mid_hall,2,4-7:2; NA:2,eventually_reentered_exit_layer:caught:2; no_avoidance_observed:2
51694,Sample_D_random_550,159831,5,64-127,100,94,36,6,6,4->30,4->14,mid_hall,drift,up,24,long_wait,mid_band_wait_then_drop,mid_hall,2,4-7:2; NA:2,eventually_reentered_exit_layer:caught:2; no_avoidance_observed:2
52819,Sample_D_random_550,306872,19,64-127,99,94,35,5,5,3->30,3->14,mid_hall,drift,up,34,long_wait,drift_down,mid_hall,2,4-7:2; NA:2,eventually_reentered_exit_layer:caught:2; no_avoidance_observed:2
53060,Sample_D_random_550,350695,7,64-127,99,95,35,4,4,3->31,3->15,mid_hall,drift,up,21,long_wait,drift_down,mid_hall,2,4-7:2; NA:2,eventually_reentered_exit_layer:caught:2; no_avoidance_observed:2
53498,Sample_D_random_550,409264,8,64-127,99,94,35,5,5,3->30,3->14,mid_hall,drift,up,25,long_wait,drift_down,mid_hall,2,4-7:2; NA:2,eventually_reentered_exit_layer:caught:2; no_avoidance_observed:2
53602,Sample_D_random_550,425626,27,64-127,99,93,35,6,6,3->29,3->13,mid_hall,drift,up,33,long_wait,drift_down,mid_hall,2,4-7:2; NA:2,eventually_reentered_exit_layer:caught:2; no_avoidance_observed:2
54026,Sample_D_random_550,471132,5,64-127,99,95,35,4,4,3->31,3->15,mid_hall,drift,up,23,long_wait,drift_down,mid_hall,2,4-7:2; NA:2,eventually_reentered_exit_layer:caught:2; no_avoidance_observed:2
54208,Sample_D_random_550,499477,0,64-127,100,94,36,6,6,4->30,4->14,mid_hall,drift,start,15,long_wait,mid_band_wait_then_drop,mid_hall,2,4-7:2; NA:2,eventually_reentered_exit_layer:caught:2; no_avoidance_observed:2
54633,Sample_D_random_550,555169,6,64-127,99,95,35,4,4,3->31,3->15,mid_hall,drift,up,22,long_wait,drift_down,mid_hall,2,4-7:2; NA:2,eventually_reentered_exit_layer:caught:2; no_avoidance_observed:2
54765,Sample_D_random_550,561479,40,64-127,99,93,35,6,6,3->29,3->13,mid_hall,drift,up,31,long_wait,drift_down,mid_hall,2,4-7:2; NA:2,eventually_reentered_exit_layer:caught:2; no_avoidance_observed:2
54920,Sample_D_random_550,588722,3,64-127,101,95,37,6,6,5->31,5->15,mid_hall,drift,up,19,long_wait,mid_band_wait_then_drop,mid_hall,2,4-7:2; NA:2,eventually_reentered_exit_layer:caught:2; no_avoidance_observed:2
55986,Sample_D_random_550,693471,59,64-127,100,94,36,6,6,4->30,4->14,mid_hall,drift,up,31,long_wait,drift_down,mid_hall,2,4-7:2; NA:2,eventually_reentered_exit_layer:caught:2; no_avoidance_observed:2
56311,Sample_D_random_550,749696,0,64-127,99,92,35,7,7,3->28,3->12,mid_hall,drift,start,15,long_wait,mid_band_wait_then_drop,mid_hall,2,4-7:2; NA:2,eventually_reentered_exit_layer:caught:2; no_avoidance_observed:2
56486,Sample_D_random_550,770555,14,64-127,99,95,35,4,4,3->31,3->15,mid_hall,drift,up,31,long_wait,drift_down,mid_hall,2,4-7:2; NA:2,eventually_reentered_exit_layer:caught:2; no_avoidance_observed:2
57032,Sample_D_random_550,839847,38,64-127,99,93,35,6,6,3->29,3->13,mid_hall,drift,up,31,long_wait,drift_down,mid_hall,2,4-7:2; NA:2,eventually_reentered_exit_layer:caught:2; no_avoidance_observed:2
57485,Sample_D_random_550,882780,3,64-127,100,95,36,5,5,4->31,4->15,mid_hall,drift,up,18,long_wait,mid_band_wait_then_drop,mid_hall,2,4-7:2; NA:2,eventually_reentered_exit_layer:caught:2; no_avoidance_observed:2
58914,Sample_D_random_550,526206,61,128-255,164,159,36,5,5,4->31,4->15,lower_hall,drift,up,77,long_wait,drift_down,lower_hall,2,4-7:2; NA:2,eventually_reentered_exit_layer:caught:2; no_avoidance_observed:2
59097,Sample_D_random_550,632161,51,128-255,164,159,36,5,5,4->31,4->15,lower_hall,drift,up,69,long_wait,drift_down,lower_hall,2,4-7:2; NA:2,eventually_reentered_exit_layer:caught:2; no_avoidance_observed:2
67108,Sample_E_stratified_550,20247,10,64-127,99,95,35,4,4,3->31,3->15,mid_hall,drift,up,28,long_wait,drift_down,mid_hall,2,4-7:2; NA:2,eventually_reentered_exit_layer:caught:2; no_avoidance_observed:2
67321,Sample_E_stratified_550,64754,16,64-127,99,94,35,5,5,3->30,3->14,mid_hall,drift,up,33,long_wait,drift_down,mid_hall,2,4-7:2; NA:2,eventually_reentered_exit_layer:caught:2; no_avoidance_observed:2
67638,Sample_E_stratified_550,102316,8,64-127,99,94,35,5,5,3->30,3->14,mid_hall,drift,up,25,long_wait,drift_down,mid_hall,2,4-7:2; NA:2,eventually_reentered_exit_layer:caught:2; no_avoidance_observed:2
68021,Sample_E_stratified_550,168864,0,64-127,100,95,36,5,5,4->31,4->15,mid_hall,drift,start,18,long_wait,mid_band_wait_then_drop,mid_hall,2,4-7:2; NA:2,eventually_reentered_exit_layer:caught:2; no_avoidance_observed:2
68202,Sample_E_stratified_550,244946,13,64-127,99,95,35,4,4,3->31,3->15,mid_hall,drift,up,28,long_wait,drift_down,mid_hall,2,4-7:2; NA:2,eventually_reentered_exit_layer:caught:2; no_avoidance_observed:2
68363,Sample_E_stratified_550,271175,22,64-127,101,94,37,7,7,5->30,5->14,mid_hall,drift,up,32,long_wait,drift_down,mid_hall,2,4-7:2; NA:2,eventually_reentered_exit_layer:caught:2; no_avoidance_observed:2
68644,Sample_E_stratified_550,325343,11,64-127,100,95,36,5,5,4->31,4->15,mid_hall,drift,up,28,long_wait,drift_down,mid_hall,2,4-7:2; NA:2,eventually_reentered_exit_layer:caught:2; no_avoidance_observed:2
70648,Sample_E_stratified_550,564724,49,64-127,99,95,35,4,4,3->31,3->15,mid_hall,drift,up,32,long_wait,drift_down,mid_hall,2,4-7:2; NA:2,eventually_reentered_exit_layer:caught:2; no_avoidance_observed:2
70956,Sample_E_stratified_550,593337,3,64-127,100,94,36,6,6,4->30,4->14,mid_hall,drift,up,18,long_wait,mid_band_wait_then_drop,mid_hall,2,4-7:2; NA:2,eventually_reentered_exit_layer:caught:2; no_avoidance_observed:2
71345,Sample_E_stratified_550,618657,15,64-127,99,94,35,5,5,3->30,3->14,mid_hall,drift,up,31,long_wait,drift_down,mid_hall,2,4-7:2; NA:2,eventually_reentered_exit_layer:avoid_then_caught:2; no_avoidance_observed:2
71735,Sample_E_stratified_550,665158,2,64-127,100,95,36,5,5,4->31,4->15,mid_hall,drift,up,17,long_wait,mid_band_wait_then_drop,mid_hall,2,4-7:2; NA:2,eventually_reentered_exit_layer:caught:2; no_avoidance_observed:2
71752,Sample_E_stratified_550,668941,1,64-127,99,95,35,4,4,3->31,3->15,mid_hall,drift,up,16,long_wait,mid_band_wait_then_drop,mid_hall,2,4-7:2; NA:2,eventually_reentered_exit_layer:caught:2; no_avoidance_observed:2
72365,Sample_E_stratified_550,740537,52,64-127,100,94,36,6,6,4->30,4->14,mid_hall,drift,up,31,long_wait,drift_down,mid_hall,2,4-7:2; NA:2,eventually_reentered_exit_layer:caught:2; no_avoidance_observed:2
72806,Sample_E_stratified_550,784751,5,64-127,101,95,37,6,6,5->31,5->15,mid_hall,drift,up,19,long_wait,drift_down,mid_hall,2,4-7:2; NA:2,eventually_reentered_exit_layer:caught:2; no_avoidance_observed:2
72924,Sample_E_stratified_550,797961,30,64-127,99,95,35,4,4,3->31,3->15,mid_hall,drift,up,35,long_wait,drift_down,mid_hall,2,4-7:2; NA:2,eventually_reentered_exit_layer:caught:2; no_avoidance_observed:2
73179,Sample_E_stratified_550,839259,46,64-127,99,94,35,5,5,3->30,3->14,mid_hall,drift,up,36,long_wait,drift_down,mid_hall,2,4-7:2; NA:2,eventually_reentered_exit_layer:caught:2; no_avoidance_observed:2
73686,Sample_E_stratified_550,901991,94,64-127,101,93,37,8,8,5->29,5->13,mid_hall,drift,up,33,long_wait,drift_down,mid_hall,2,4-7:2; NA:2,eventually_reentered_exit_layer:caught:2; no_avoidance_observed:2
74047,Sample_E_stratified_550,934463,6,64-127,101,92,37,9,9,5->28,5->12,mid_hall,drift,up,22,long_wait,drift_down,mid_hall,2,4-7:2; NA:2,eventually_reentered_exit_layer:caught:2; no_avoidance_observed:2
75174,Sample_E_stratified_550,536888,5,128-255,165,159,37,6,6,5->31,5->15,lower_hall,drift,up,27,long_wait,mid_band_wait_then_drop,lower_hall,2,4-7:2; NA:2,eventually_reentered_exit_layer:caught:2; no_avoidance_observed:2
